{"cameraMode":{"drawMode":0,"name":"Shaded","section":"Shading Mode"},"sceneLighting":false,"audioPlay":false,"sceneViewState":{"showFog":true,"showMaterialUpdate":false,"showSkybox":true,"showFlares":true,"showImageEffects":true,"showParticleSystems":true},"in2DMode":false,"pivot":{"x":0.41309404373168948,"y":4.306112766265869,"z":8.137081146240235},"rotation":{"x":0.018127374351024629,"y":-0.14051450788974763,"z":0.0025712375063449146,"w":0.9899147748947144},"size":16.517606735229493,"orthographic":false}