{"cameraMode":{"drawMode":0,"name":"Shaded","section":"Shading Mode"},"sceneLighting":false,"audioPlay":false,"sceneViewState":{"showFog":true,"showMaterialUpdate":false,"showSkybox":true,"showFlares":true,"showImageEffects":true,"showParticleSystems":true},"in2DMode":false,"pivot":{"x":5.827291488647461,"y":1.6434049606323243,"z":7.378467559814453},"rotation":{"x":0.030053356662392618,"y":0.12858007848262788,"z":-0.0038998438976705076,"w":0.9912415742874146},"size":17.532949447631837,"orthographic":false}