{"cameraMode":{"drawMode":0,"name":"Shaded","section":"Shading Mode"},"sceneLighting":false,"audioPlay":false,"sceneViewState":{"showFog":true,"showMaterialUpdate":false,"showSkybox":true,"showFlares":true,"showImageEffects":true,"showParticleSystems":true},"in2DMode":false,"pivot":{"x":-4.0559401512146,"y":-3.3685810565948488,"z":6.4536943435668949},"rotation":{"x":0.20016588270664216,"y":-0.3359401524066925,"z":0.07329344004392624,"w":0.9174505472183228},"size":14.048964500427246,"orthographic":false}